actv,enddate,frequency,id,key,latres,longres,name,startdate,state,sttid
In-Active,2016-05-09,Hourly,1415E0,IDME1504,18.83,78.93,JAGTIYAL_AGRO,2011-08-09,ANDHRA PRADESH,4
In-Active,2016-12-04,Hourly,16914C,IMDB0332,17.45,78.47,MET_HYDERABAD,2011-08-09,ANDHRA PRADESH,4
In-Active,2016-12-16,Hourly,1415CC,IMDE1484,18.01,79.60,WARANGAL,2011-08-09,ANDHRA PRADESH,4
In-Active,2019-01-02,Hourly,1415CD,IMDE1485,17.24,81.10,ASWARAOPET,2011-08-09,ANDHRA PRADESH,4
In-Active,2019-01-01,Hourly,1415CE,IMDE1486,16.85,79.47,KAMPASAGAR,2011-08-09,ANDHRA PRADESH,4
In-Active,2016-12-16,Hourly,1415CF,IMDE1487,17.62,74.07,SANGAREDDY_AGRO,2011-08-09,ANDHRA PRADESH,4
In-Active,2019-01-02,Hourly,1415D0,IMDE1488,17.21,77.58,TANDUR,2011-08-09,ANDHRA PRADESH,4
In-Active,2016-03-07,Hourly,1415D1,IMDE1489,16.63,81.74,MARUTERU,2011-08-09,ANDHRA PRADESH,4
In-Active,2018-11-11,Hourly,1415D2,IMDE1490,13.61,79.34,PERUMALLAPALLE,2011-08-09,ANDHRA PRADESH,4
In-Active,2016-12-16,Hourly,1415D3,IMDE1491,15.45,78.46,NANDYAL,2011-08-09,ANDHRA PRADESH,4
In-Active,2018-12-27,Hourly,1415D4,IMDE1492,18.43,79.08,KARIMNAGAR,2011-08-09,ANDHRA PRADESH,4
In-Active,2019-01-02,Hourly,1415D5,IMDE1493,16.50,78.23,PALEM,2011-08-09,ANDHRA PRADESH,4
In-Active,2016-04-30,Hourly,1415D6,IMDE1494,16.36,80.84,VUYYURU,2011-08-09,ANDHRA PRADESH,4
In-Active,2019-01-01,Hourly,1415D7,IMDE1495,14.43,78.80,UTUKURU,2011-08-09,ANDHRA PRADESH,4
In-Active,2019-01-02,Hourly,1415D8,IMDE1496,19.65,78.52,ADILABAD,2011-08-09,ANDHRA PRADESH,4
In-Active,2018-07-30,Hourly,1415DA,IMDE1498,18.56,77.88,RUDRUR,2011-08-09,ANDHRA PRADESH,4
In-Active,2018-12-31,Hourly,1415DB,IMDE1499,14.11,78.15,KADIRI,2011-08-09,ANDHRA PRADESH,4
In-Active,2016-04-30,Hourly,1415DC,IMDE1500,17.70,83.01,ANKAPALLI_AGRO,2011-08-09,ANDHRA PRADESH,4
In-Active,2019-01-02,Hourly,1415DD,IMDE1501,14.68,77.67,ANANTPUR_AGRO,2011-08-09,ANDHRA PRADESH,4
In-Active,2016-11-22,Hourly,1415DE,IMDE1502,17.87,82.34,CHINTAPALLI_AGRO,2011-08-09,ANDHRA PRADESH,4
In-Active,2016-03-08,Hourly,1415DF,IMDE1503,17.01,78.97,RAJENDRANAGR_AGRO,2011-08-09,ANDHRA PRADESH,4
In-Active,2016-10-22,Hourly,1415E1,IMDE1505,16.35,80.43,LAM_AGRO,2011-08-09,ANDHRA PRADESH,4
In-Active,2016-12-16,Hourly,14167F,IMDE1663,13.63,79.73,TIRUPATI_AGRO,2011-08-09,ANDHRA PRADESH,4
In-Active,2016-04-16,Hourly,141445,IMDE1093,26.12,91.82,KHANAPARA,2011-11-25,ASSAM,11
In-Active,NA,Hourly,14155F,IMDE1375,26.75,84.68,MADHOPUR,NA,BIHAR,25
In-Active,2014-12-11,Hourly,141560,IMDE1376,24.85,86.90,BANKA,2012-08-08,BIHAR,25
In-Active,2016-05-09,Hourly,141561,IMDE1377,26.38,85.73,DARBHANGA,2011-08-09,BIHAR,25
In-Active,2016-12-16,Hourly,141562,IMDE1378,25.73,85.23,VAISALI,2011-08-09,BIHAR,25
In-Active,2016-03-24,Hourly,141563,IMDE1379,26.03,85.14,MUZZAFFARPUR,2011-08-09,BIHAR,25
In-Active,2018-10-31,Hourly,141564,IMDE1380,25.37,86.48,MUNGER,2011-08-09,BIHAR,25
In-Active,2011-08-09,Hourly,141565,IMDE1381,25.65,86.02,BEGUSARAI,2011-08-09,BIHAR,25
In-Active,2016-02-15,Hourly,141566,IMDE1382,24.80,85.04,MALPUR,2011-08-09,BIHAR,25
In-Active,2014-08-28,Hourly,141567,IMDE1383,25.52,87.57,KATIHAR,2011-08-09,BIHAR,25
In-Active,2013-07-12,Hourly,141568,IMDE1384,25.92,86.80,MADHEPURA,2011-08-09,BIHAR,25
In-Active,2016-03-24,Hourly,141569,IMDE1385,25.01,84.01,BHOJPUR_AGRO,2011-11-25,BIHAR,25
In-Active,2014-02-18,Hourly,14156A,IMDE1386,24.87,85.53,NAWADA,2011-08-09,BIHAR,25
In-Active,2016-02-15,Hourly,14156B,IMDE1387,23.55,83.96,BUXAR,2011-08-09,BIHAR,25
In-Active,2019-01-02,Hourly,14156C,IMDE1388,26.21,84.35,SIWAN,2011-08-09,BIHAR,25
In-Active,2015-05-23,Hourly,14156D,IMDE1389,25.22,85.13,GANDHAR,2011-08-09,BIHAR,25
In-Active,2016-02-28,Hourly,14156E,IMDE1390,25.03,85.60,BHABUA,2011-08-09,BIHAR,25
In-Active,2016-01-25,Hourly,14156F,IMDE1391,25.01,86.01,PATNA,2011-08-09,BIHAR,25
In-Active,2013-06-20,Hourly,141570,IMDE1392,26.01,85.01,CHANPURABASATH,2011-08-09,BIHAR,25
In-Active,2016-02-17,Hourly,141571,IMDE1393,25.35,85.63,HARNAUT,2013-06-14,BIHAR,25
In-Active,2016-02-28,Hourly,141572,IMDE1394,24.95,84.01,SASARAM,2011-08-09,BIHAR,25
In-Active,2013-09-28,Hourly,141573,IMDE1395,25.07,85.85,ARIARI,2012-08-06,BIHAR,25
In-Active,2014-05-18,Hourly,141574,IMDE1396,26.51,85.28,SHEOHAR,2011-08-09,BIHAR,25
In-Active,2016-12-16,Hourly,141575,IMDE1397,26.54,85.72,PUPARI,2011-08-09,BIHAR,25
In-Active,2015-09-08,Hourly,141577,IMDE1399,24.02,86.01,JAMUI_AGRO,2011-12-04,BIHAR,25
In-Active,2015-10-06,Hourly,141578,IMDE1400,25.91,86.55,AGWANPUR_AGRO,2011-11-25,BIHAR,25
In-Active,2013-12-28,Hourly,141579,IMDE1401,25.98,85.66,PUSA_BH_AGRO,2011-08-09,BIHAR,25
In-Active,2015-03-17,Hourly,14157A,IMDE1402,25.23,87.03,BHAGALPUR_AGRO,2011-08-09,BIHAR,25
In-Active,2014-12-30,Hourly,14151A,IMDE1306,23.09,83.14,AMBIKAPUR_AGRO,2011-08-09,CHHATTISGARH,27
In-Active,2019-02-06,Hourly,14151B,IMDE1307,22.09,82.17,BILASPUR,2011-08-09,CHHATTISGARH,27
In-Active,2018-11-13,Hourly,14151C,IMDE1308,18.80,80.80,BIJAPUR,2011-08-09,CHHATTISGARH,27
In-Active,2014-01-31,Hourly,14151D,IMDE1309,18.90,81.35,DANTEWARA,2011-08-09,CHHATTISGARH,27
In-Active,2019-03-12,Hourly,14151E,IMDE1310,20.66,81.53,DHAMTARI,2011-08-09,CHHATTISGARH,27
In-Active,2012-11-24,Hourly,14151F,IMDE1311,21.97,81.24,DURG,2011-08-09,CHHATTISGARH,27
In-Active,2013-06-19,Hourly,141520,IMDE1312,19.09,81.96,JAGDALPUR_AGRO,2011-08-09,CHHATTISGARH,27
In-Active,2019-01-01,Hourly,141521,IMDE1313,22.60,82.13,JANJGIR,2011-11-25,CHHATTISGARH,27
In-Active,2019-01-02,Hourly,141522,IMDE1314,22.88,84.56,JASPUR,2011-08-09,CHHATTISGARH,27
In-Active,2018-07-21,Hourly,141523,IMDE1315,20.25,81.50,KANKER,2011-08-09,CHHATTISGARH,27
In-Active,2016-09-10,Hourly,141524,IMDE1316,22.37,82.73,KORBA,2011-08-09,CHHATTISGARH,27
In-Active,2016-05-09,Hourly,141525,IMDE1317,22.58,81.13,KAWARDHA,2011-08-09,CHHATTISGARH,27
In-Active,2016-03-09,Hourly,141526,IMDE1318,23.30,82.56,KORIYA,2011-08-09,CHHATTISGARH,27
In-Active,2014-07-24,Hourly,141527,IMDE1319,21.10,82.08,MAHASAMUND,2011-08-09,CHHATTISGARH,27
In-Active,2019-01-01,Hourly,141528,IMDE1320,19.70,81.70,NARAYANPUR,2011-08-09,CHHATTISGARH,27
In-Active,2013-02-22,Hourly,141529,IMDE1321,21.88,83.40,RAIGARH,2011-08-09,CHHATTISGARH,27
In-Active,2016-05-09,Hourly,14152A,IMDE1322,21.23,81.70,RAIPUR_AGRO,2011-08-09,CHHATTISGARH,27
In-Active,2016-04-27,Hourly,14152B,IMDE1323,21.10,81.03,RAJNAMGAON,2011-08-09,CHHATTISGARH,27
In-Active,2019-01-02,Hourly,14165A,IMDE1626,30.74,76.73,CHATTISHGARH,2011-08-09,CHHATTISGARH,27
In-Active,2019-01-02,Hourly,14164B,IMDE1611,28.70,77.15,PITAMPURA,2011-08-09,DELHI,21
In-Active,2015-12-25,Hourly,14164C,IMDE1612,28.64,77.71,DPS_INDIRPURAM,2011-08-09,DELHI,21
In-Active,2016-09-21,Hourly,14164D,IMDE1613,28.80,77.40,NARELA,2011-08-09,DELHI,21
In-Active,2016-05-09,Hourly,14164F,IMDE1615,28.63,77.01,NAJAFGARH,2011-08-09,DELHI,21
In-Active,2016-12-16,Hourly,141652,IMDE1618,28.41,77.13,DELHI_UNIVERSITY,2011-08-09,DELHI,21
In-Active,2016-12-16,Hourly,141653,IMDE1619,28.29,77.07,AYANAGAR,2011-08-09,DELHI,21
In-Active,2016-12-17,Hourly,141654,IMDE1620,28.48,76.58,MUNGESHPUR,2011-08-09,DELHI,21
In-Active,2016-12-16,Hourly,141655,IMDE1621,28.38,77.09,PUSA_DELHI_AGRO,2011-08-09,DELHI,21
In-Active,2016-12-16,Hourly,14165B,IMDE1627,28.59,76.91,JAFARPUR,2011-08-09,DELHI,21
In-Active,2016-12-17,Hourly,14165C,IMDE1628,28.66,77.31,SPORTS_COMPLEX,2011-08-09,DELHI,21
In-Active,2019-01-16,Hourly,141662,IMDE1634,28.62,77.36,NCMRWF,2011-08-09,DELHI,21
In-Active,2016-12-16,Hourly,14167E,IMDE1662,28.61,77.27,AKSHARDHAM,2011-08-09,DELHI,21
In-Active,2016-12-16,Hourly,141486,IMDE1158,15.48,73.91,ELA,2011-08-09,GOA,34
In-Active,2016-09-17,Hourly,141425,IMDE1061,22.34,70.91,TARGHADIA_AGRO,2011-08-09,GUJARAT,17
In-Active,2016-03-24,Hourly,14149A,IMDE1178,20.80,70.70,KADINAR,2011-08-09,GUJARAT,17
In-Active,2018-12-11,Hourly,14149B,IMDE1179,24.17,72.43,PALANPUR,2011-08-09,GUJARAT,17
In-Active,2016-10-11,Hourly,14149C,IMDE1180,21.73,72.55,DAHEJ,2011-08-09,GUJARAT,17
In-Active,2019-01-02,Hourly,14149D,IMDE1181,22.88,74.23,DAHOD,2011-08-09,GUJARAT,17
In-Active,2018-07-17,Hourly,14149E,IMDE1182,23.27,72.65,GANDHINAGAR,2011-08-09,GUJARAT,17
In-Active,2016-02-17,Hourly,1414A0,IMDE1184,22.73,72.88,BILODARA,2011-08-09,GUJARAT,17
In-Active,2019-01-01,Hourly,1414A1,IMDE1185,23.60,72.40,MEHSANA,2011-11-25,GUJARAT,17
In-Active,2016-05-09,Hourly,1414A2,IMDE1186,21.86,73.52,RAJPIPLA,2011-08-09,GUJARAT,17
In-Active,2016-09-27,Hourly,1414A3,IMDE1187,22.80,73.22,GODHRA,2011-08-09,GUJARAT,17
In-Active,2019-01-01,Hourly,1414A4,IMDE1188,23.86,72.13,PATAN,2011-08-09,GUJARAT,17
In-Active,2018-09-04,Hourly,1414A5,IMDE1189,21.36,69.75,RANAVAV,2011-08-09,GUJARAT,17
In-Active,2018-06-25,Hourly,1414A6,IMDE1190,23.83,73.01,IDAR,2011-08-09,GUJARAT,17
In-Active,2016-05-01,Hourly,1414A7,IMDE1191,21.14,72.75,SURAT,2011-08-09,GUJARAT,17
In-Active,2014-10-14,Hourly,1414A8,IMDE1192,21.11,73.39,VYARA,2011-08-09,GUJARAT,17
In-Active,2019-01-02,Hourly,1414A9,IMDE1193,22.73,71.62,SURENDRANAGAR,2011-08-09,GUJARAT,17
In-Active,2019-01-01,Hourly,1414AA,IMDE1194,22.36,73.16,VADODARA,2011-08-09,GUJARAT,17
In-Active,2016-09-13,Hourly,1414AB,IMDE1195,20.54,73.16,DHARAMPUR,2011-08-09,GUJARAT,17
In-Active,2018-10-12,Hourly,1414AC,IMDE1196,20.76,73.69,AHWA,2011-08-09,GUJARAT,17
In-Active,2016-02-07,Hourly,1414AD,IMDE1197,20.40,72.83,DAMAN,2011-08-09,GUJARAT,17
In-Active,2014-10-30,Hourly,1414AE,IMDE1198,23.37,68.54,DAYAPAR,2011-08-09,GUJARAT,17
In-Active,2019-01-02,Hourly,1415C4,IMDE1476,22.58,72.28,ARNEJ_AGRO,2011-08-09,GUJARAT,17
In-Active,2019-02-22,Hourly,1415C8,IMDE1480,23.30,70.36,BACHAU_AGRO,2011-08-09,GUJARAT,17
In-Active,2016-12-16,Hourly,1415CA,IMDE1482,21.70,73.01,MAKTAMPUR_AGRO,2011-08-09,GUJARAT,17
In-Active,2014-10-05,Hourly,1415D9,IMDE1497,24.32,72.30,DANTIWADA_AGRO,2011-08-09,GUJARAT,17
In-Active,2016-11-22,Hourly,1415E8,IMDE1512,20.92,72.89,NAVASARI_AGRO,2011-08-09,GUJARAT,17
In-Active,2018-11-16,Hourly,1415F3,IMDE1523,21.50,70.44,JUNAGARH_AGRO,2011-08-09,GUJARAT,17
In-Active,2019-02-06,Hourly,16914E,IMDB0334,28.42,77.01,FARID_RD_GURGAON,2011-08-09,HARYANA,20
In-Active,2018-08-21,Hourly,141416,IMDE1046,30.22,76.45,AMBALA,2011-08-09,HARYANA,20
In-Active,2019-01-02,Hourly,141417,IMDE1047,29.03,75.28,BALASMAND,2011-08-09,HARYANA,20
In-Active,2019-01-01,Hourly,141418,IMDE1048,28.08,76.59,BAWAL,2011-08-09,HARYANA,20
In-Active,2018-05-30,Hourly,141419,IMDE1049,28.80,76.13,BHIWANI,2011-08-09,HARYANA,20
In-Active,2016-05-02,Hourly,14141A,IMDE1050,28.23,77.18,BOPANI,2011-08-09,HARYANA,20
In-Active,2018-09-05,Hourly,14141B,IMDE1051,30.10,77.28,DAMLA,2011-08-09,HARYANA,20
In-Active,2019-01-02,Hourly,14141D,IMDE1053,29.31,75.30,FATHEHABAD,2011-08-09,HARYANA,20
In-Active,2016-05-06,Hourly,14141F,IMDE1055,28.60,76.65,JHAJJAR,2011-08-09,HARYANA,20
In-Active,2018-12-21,Hourly,141420,IMDE1056,29.78,76.40,KAITHAL,2011-08-09,HARYANA,20
In-Active,2016-02-17,Hourly,141421,IMDE1057,29.42,76.57,KARNAL,2011-08-09,HARYANA,20
In-Active,2018-09-09,Hourly,141422,IMDE1058,29.86,76.66,KAUL_AGRO,2011-08-09,HARYANA,20
In-Active,2019-01-02,Hourly,141423,IMDE1059,29.58,76.51,KURUKSHETRA,2011-08-09,HARYANA,20
In-Active,2019-01-02,Hourly,141424,IMDE1060,28.10,76.10,MAHENDRAGARH,2011-08-09,HARYANA,20
In-Active,2016-05-09,Hourly,141426,IMDE1062,28.10,77.01,MANDKOLA,2011-08-08,HARYANA,20
In-Active,2016-12-16,Hourly,141427,IMDE1063,28.84,77.00,MEWAT,2011-08-09,HARYANA,20
In-Active,2019-01-02,Hourly,141429,IMDE1065,30.67,76.98,PANCHKULA,2011-08-09,HARYANA,20
In-Active,2018-12-31,Hourly,14142A,IMDE1066,29.18,76.22,PANDUPINDARA,2011-08-09,HARYANA,20
In-Active,2019-01-02,Hourly,14142D,IMDE1069,28.88,76.62,ROHTAK,2011-08-09,HARYANA,20
In-Active,2018-12-31,Hourly,14142E,IMDE1070,29.30,75.45,SADALPUR,2011-08-09,HARYANA,20
In-Active,2018-12-30,Hourly,14142F,IMDE1071,29.54,75.04,SIRSA,2011-08-09,HARYANA,20
In-Active,2018-10-03,Hourly,141430,IMDE1072,30.48,77.10,JAGDISHPUR,2011-11-25,HARYANA,20
In-Active,2019-01-04,Hourly,141431,IMDE1073,29.68,77.01,UCHANI,2011-08-09,HARYANA,20
In-Active,2019-01-02,Hourly,141432,IMDE1074,29.38,77.01,UJHA_PANIPAT,2011-08-09,HARYANA,20
In-Active,2016-04-19,Hourly,141651,IMDE1617,28.37,77.27,FARIDABAD,2011-08-09,HARYANA,20
In-Active,2016-12-16,Hourly,141659,IMDE1625,29.13,75.70,HISSAR_AGRO,2011-08-09,HARYANA,20
In-Active,2019-01-02,Hourly,0B6EBC,IMDD3772,31.12,77.22,UNI_MASHOBR_SIMLA,2011-11-25,HIMACHAL PRADESH,36
In-Active,2019-01-02,Hourly,141434,IMDE1076,31.35,76.75,BILASPUR,2011-08-09,HIMACHAL PRADESH,36
In-Active,2016-12-16,Hourly,141435,IMDE1077,32.35,76.06,UDAIPUR,2011-08-09,HIMACHAL PRADESH,36
In-Active,2018-10-16,Hourly,141436,IMDE1078,31.40,76.32,HAMIRPUR,2011-08-09,HIMACHAL PRADESH,36
In-Active,2019-01-02,Hourly,141437,IMDE1079,31.32,78.16,RECKON_PEO,2011-08-09,HIMACHAL PRADESH,36
In-Active,2019-01-01,Hourly,141438,IMDE1080,31.50,77.09,BAJAURA,2011-08-09,HIMACHAL PRADESH,36
In-Active,2019-01-02,Hourly,141439,IMDE1081,32.34,77.02,KEYLONG,2011-08-09,HIMACHAL PRADESH,36
In-Active,2016-11-22,Hourly,14143A,IMDE1082,31.10,77.17,SHIMLA_CPRI,2011-08-09,HIMACHAL PRADESH,36
In-Active,2018-07-16,Hourly,14143B,IMDE1083,31.15,77.28,NARKANDA,2011-08-09,HIMACHAL PRADESH,36
In-Active,2016-12-16,Hourly,14163E,IMDE1598,30.33,77.17,NAHAN,2011-08-09,HIMACHAL PRADESH,36
In-Active,2019-01-01,Hourly,14163F,IMDE1599,31.53,77.11,CHELSEA,2011-08-09,HIMACHAL PRADESH,36
In-Active,2016-12-16,Hourly,141640,IMDE1600,32.31,76.01,DALHOUSIE_ALHA,2011-08-09,HIMACHAL PRADESH,36
In-Active,2018-11-05,Hourly,141641,IMDE1601,32.20,76.33,DHARAMSHALA,2011-08-09,HIMACHAL PRADESH,36
In-Active,2019-01-02,Hourly,141642,IMDE1602,30.90,76.96,KASAULI,2011-08-09,HIMACHAL PRADESH,36
In-Active,2016-05-09,Hourly,141643,IMDE1603,31.12,77.53,KOTKHAI,2011-08-09,HIMACHAL PRADESH,36
In-Active,2016-05-08,Hourly,141645,IMDE1605,31.10,77.27,KUFRI,2011-08-09,HIMACHAL PRADESH,36
In-Active,2019-01-02,Hourly,141646,IMDE1606,32.70,76.69,KUKUMSERI_AGRO,2011-08-09,HIMACHAL PRADESH,36
In-Active,2019-04-16,Hourly,141647,IMDE1607,30.90,76.96,NAUNI_AGRO,2011-08-09,HIMACHAL PRADESH,36
In-Active,2015-12-31,Hourly,141648,IMDE1608,32.06,76.33,PALAMPUR_AGRO,2012-03-20,HIMACHAL PRADESH,36
In-Active,2015-03-17,Hourly,141649,IMDE1609,31.45,76.26,UNA,2011-08-09,HIMACHAL PRADESH,36
In-Active,2012-12-07,Hourly,14164A,IMDE1610,31.46,77.22,SAINJ,2011-08-09,HIMACHAL PRADESH,36
In-Active,2019-01-02,Hourly,141650,IMDE1616,31.59,77.08,SEOBAGH_AGRO,2011-08-09,HIMACHAL PRADESH,36
In-Active,2015-08-13,Hourly,141658,IMDE1624,31.43,76.57,MANDI,2011-08-09,HIMACHAL PRADESH,36
In-Active,NA,Hourly,169147,IMDB0327,23.32,85.32,JHARKHAND_RANCHI,NA,JHARKHAND,26
In-Active,NA,Hourly,169148,IMDB0328,23.78,86.42,COLLEGE_DHANBAD,NA,JHARKHAND,26
In-Active,NA,Hourly,092A72,IMDC2674,26.80,94.70,DIMAPR_CHUMUKEDIN,NA,JHARKHAND,26
In-Active,2019-01-02,Hourly,1415B5,IMDE1461,13.66,76.92,CHIKKANAKALLI,2011-08-09,KARNATAKA,9
In-Active,2013-08-17,Hourly,1415B8,IMDE1464,12.94,74.82,MANGALORE,2012-02-14,KARNATAKA,9
In-Active,2016-12-16,Hourly,1415BC,IMDE1468,13.72,75.72,BHAVIKERE,2011-08-09,KARNATAKA,9
In-Active,2019-01-01,Hourly,1415BE,IMDE1470,12.95,78.25,KGF,2011-08-09,KARNATAKA,9
In-Active,2016-12-16,Hourly,1415BF,IMDE1471,11.91,76.93,CHAMRAJNAGAR,2011-08-09,KARNATAKA,9
In-Active,2016-12-16,Hourly,1415C0,IMDE1472,12.42,75.73,MADIKERI,2011-08-09,KARNATAKA,9
In-Active,2016-05-09,Hourly,1415C1,IMDE1473,13.34,75.80,CHIKMANGALUR,2011-08-09,KARNATAKA,9
In-Active,2015-03-12,Hourly,1415C2,IMDE1474,12.15,76.80,SUTTUR,2011-08-09,KARNATAKA,9
In-Active,2013-08-14,Hourly,1415C7,IMDE1479,12.97,97.18,MAGADI_AGRO,2011-08-09,KARNATAKA,9
In-Active,2018-10-26,Hourly,1415CB,IMDE1483,14.61,74.85,SIRSI,2011-08-09,KARNATAKA,9
In-Active,2016-12-16,Hourly,1415AA,IMDE1450,10.77,76.70,PALAKKAD_AGRO,2011-08-09,KERALA,12
In-Active,2016-05-08,Hourly,1415AC,IMDE1452,11.28,76.23,NILAMBUR,2011-08-09,KERALA,12
In-Active,2015-07-29,Hourly,1415AD,IMDE1453,11.26,75.77,KOZHIKODE,2011-08-09,KERALA,12
In-Active,2019-05-23,Hourly,1415B0,IMDE1456,11.06,76.21,AMBALAVAYAL_AGRO,2011-08-09,KERALA,12
In-Active,2018-07-28,Hourly,1415B1,IMDE1457,9.62,76.42,KUMARAKOM_AGRO,2011-11-25,KERALA,12
In-Active,2016-12-16,Hourly,1415B2,IMDE1458,10.53,76.28,VELLANIKKARA_AGRO,2011-08-09,KERALA,12
In-Active,2016-12-04,Hourly,1415B3,IMDE1459,8.43,76.99,VELLAYANI_AGRO,2011-08-09,KERALA,12
In-Active,NA,Hourly,1555B7,IMDA1463,22.82,69.27,KUTCH_MANDVI,NA,LAKSHWADEEP,35
In-Active,2014-09-11,Hourly,14152C,IMDE1324,24.60,77.75,ASHOKNAGAR,2011-08-09,MADHYA PRADESH,23
In-Active,2018-07-31,Hourly,14152D,IMDE1325,22.31,74.35,ALIRAJPUR,2011-11-25,MADHYA PRADESH,23
In-Active,2016-01-14,Hourly,14152E,IMDE1326,23.12,81.70,ANUPPUR,2011-08-09,MADHYA PRADESH,23
In-Active,2018-10-12,Hourly,14152F,IMDE1327,21.86,77.94,BETUL,2011-08-09,MADHYA PRADESH,23
In-Active,2016-02-17,Hourly,141530,IMDE1328,26.57,78.81,BHIND,2011-08-09,MADHYA PRADESH,23
In-Active,2016-12-16,Hourly,141531,IMDE1329,22.03,74.97,BADWANI,2011-08-09,MADHYA PRADESH,23
In-Active,2015-03-25,Hourly,141532,IMDE1330,21.81,80.18,BALAGHAT,2011-08-09,MADHYA PRADESH,23
In-Active,2014-08-06,Hourly,141533,IMDE1331,21.28,76.20,BURHAN_PUR,2011-08-09,MADHYA PRADESH,23
In-Active,2016-02-17,Hourly,141534,IMDE1332,22.87,78.90,CHINDWARA_AGRO,2011-08-09,MADHYA PRADESH,23
In-Active,2013-06-16,Hourly,141535,IMDE1333,25.03,79.50,CHHATARPUR,2011-08-09,MADHYA PRADESH,23
In-Active,2019-01-02,Hourly,141536,IMDE1334,25.69,78.44,DATIA,2011-08-09,MADHYA PRADESH,23
In-Active,2016-09-19,Hourly,141537,IMDE1335,22.96,76.04,DEWAS,2011-08-09,MADHYA PRADESH,23
In-Active,2018-12-31,Hourly,141538,IMDE1336,22.39,75.21,DHAR,2012-07-30,MADHYA PRADESH,23
In-Active,2014-11-27,Hourly,141539,IMDE1337,23.82,79.40,DAMOH,2011-08-09,MADHYA PRADESH,23
In-Active,2019-01-02,Hourly,14153A,IMDE1338,22.94,81.08,DINDORI,2011-08-09,MADHYA PRADESH,23
In-Active,2018-06-22,Hourly,14153B,IMDE1339,24.65,77.32,GUNA,2012-06-28,MADHYA PRADESH,23
In-Active,2014-03-14,Hourly,14153C,IMDE1340,22.44,77.03,HARDA,2011-08-09,MADHYA PRADESH,23
In-Active,2016-12-16,Hourly,14153D,IMDE1341,22.69,77.74,HOSHANGABAD_AGRO,2012-05-16,MADHYA PRADESH,23
In-Active,2016-03-02,Hourly,14153E,IMDE1342,22.70,75.89,INDORE_AGRO,2011-08-09,MADHYA PRADESH,23
In-Active,2016-12-16,Hourly,14153F,IMDE1343,23.21,79.96,JABALPUR_AGRO,2011-08-09,MADHYA PRADESH,23
In-Active,2016-04-29,Hourly,141540,IMDE1344,22.76,74.59,JHABUA_AGRO,2011-12-01,MADHYA PRADESH,23
In-Active,2018-12-26,Hourly,141541,IMDE1345,21.81,76.37,KHANDWA,2011-08-09,MADHYA PRADESH,23
In-Active,2013-12-29,Hourly,141542,IMDE1346,21.82,75.62,KHARGONE_AGRO,2011-08-09,MADHYA PRADESH,23
In-Active,2016-02-17,Hourly,141543,IMDE1347,26.48,77.99,MORENA_AGRO,2011-08-09,MADHYA PRADESH,23
In-Active,2016-05-09,Hourly,141544,IMDE1348,22.60,80.30,MANDLA,2011-08-09,MADHYA PRADESH,23
In-Active,2018-12-31,Hourly,141545,IMDE1349,24.06,75.10,MANDSOUR,2011-08-09,MADHYA PRADESH,23
In-Active,2018-09-01,Hourly,141546,IMDE1350,22.94,79.22,NARSINGPUR,2011-08-09,MADHYA PRADESH,23
In-Active,2016-03-14,Hourly,141547,IMDE1351,24.73,80.21,PANNA,2011-08-09,MADHYA PRADESH,23
In-Active,2018-07-18,Hourly,141548,IMDE1352,23.44,75.01,RATLAM,2011-08-09,MADHYA PRADESH,23
In-Active,2016-02-28,Hourly,141549,IMDE1353,24.50,81.30,REWA,2011-08-09,MADHYA PRADESH,23
In-Active,2013-08-17,Hourly,14154A,IMDE1354,24.01,76.73,RAJGARH,2011-08-09,MADHYA PRADESH,23
In-Active,2018-10-21,Hourly,14154B,IMDE1355,23.34,77.77,RAISEN,2011-08-09,MADHYA PRADESH,23
In-Active,2015-09-04,Hourly,14154C,IMDE1356,23.83,78.69,SAGAR,2011-08-09,MADHYA PRADESH,23
In-Active,2019-01-01,Hourly,14154D,IMDE1357,24.57,80.82,SATNA,2011-08-09,MADHYA PRADESH,23
In-Active,2016-02-28,Hourly,14154E,IMDE1358,23.18,77.06,SEHORE_AGRO,2011-08-09,MADHYA PRADESH,23
In-Active,2018-09-11,Hourly,14154F,IMDE1359,22.07,79.55,SEONI,2011-08-09,MADHYA PRADESH,23
In-Active,2016-05-09,Hourly,141550,IMDE1360,23.28,81.33,SHAHDOL,2011-08-09,MADHYA PRADESH,23
In-Active,2016-04-24,Hourly,141551,IMDE1361,24.43,76.26,SHAJAPUR,2011-08-09,MADHYA PRADESH,23
In-Active,2019-01-02,Hourly,141552,IMDE1362,25.39,77.60,SHIVPURI,2012-07-20,MADHYA PRADESH,23
In-Active,2015-11-08,Hourly,141553,IMDE1363,24.41,81.86,SIDHI,2011-08-09,MADHYA PRADESH,23
In-Active,2018-12-24,Hourly,141554,IMDE1364,25.67,76.69,SHEOPUR,2011-08-09,MADHYA PRADESH,23
In-Active,2012-09-09,Hourly,141555,IMDE1365,24.07,82.61,SINGROULI,2011-08-09,MADHYA PRADESH,23
In-Active,2016-05-08,Hourly,141556,IMDE1366,24.72,78.81,TIKAMGARH_AGRO,2011-08-09,MADHYA PRADESH,23
In-Active,2018-06-28,Hourly,141557,IMDE1367,23.17,75.80,UJJAIN,2011-08-09,MADHYA PRADESH,23
In-Active,2015-03-30,Hourly,141558,IMDE1368,23.31,80.50,UMARIA,2011-08-09,MADHYA PRADESH,23
In-Active,2018-12-30,Hourly,141559,IMDE1369,23.52,77.81,VIDISHA,2011-08-09,MADHYA PRADESH,23
In-Active,2015-09-16,Hourly,14155A,IMDE1370,24.28,74.52,NEEMUCH,2011-08-09,MADHYA PRADESH,23
In-Active,2015-12-29,Hourly,141663,IMDE1635,23.74,80.32,KATNI,2011-11-25,MADHYA PRADESH,23
In-Active,2016-05-09,Hourly,141428,IMDE1064,20.78,78.59,WARDHA,2011-08-09,MAHARASTRA,8
In-Active,2016-12-16,Hourly,14142B,IMDE1067,19.23,76.79,PARBHANI_AGRO,2011-08-09,MAHARASTRA,8
In-Active,2016-04-30,Hourly,14142C,IMDE1068,22.30,79.67,SINDEWAHI_AGRO,2011-08-09,MAHARASTRA,8
In-Active,2016-10-14,Hourly,141475,IMDE1141,19.18,72.98,THANE,2011-08-09,MAHARASTRA,8
In-Active,2016-12-16,Hourly,141476,IMDE1142,18.33,73.79,TALEGAON,2011-08-09,MAHARASTRA,8
In-Active,2016-10-22,Hourly,141477,IMDE1143,19.85,75.87,JALNA,2011-08-09,MAHARASTRA,8
In-Active,2019-08-11,Hourly,141478,IMDE1144,17.69,74.02,SATARA,2011-08-09,MAHARASTRA,8
In-Active,2019-01-02,Hourly,14147A,IMDE1146,18.11,76.02,OSMANABAD,2011-08-09,MAHARASTRA,8
In-Active,2016-04-01,Hourly,14147B,IMDE1147,21.37,74.23,NANDURBAR,2011-08-09,MAHARASTRA,8
In-Active,2018-10-27,Hourly,14147C,IMDE1148,19.09,74.75,AHMADNAGAR,2011-08-09,MAHARASTRA,8
In-Active,2016-03-05,Hourly,14147D,IMDE1149,19.73,77.15,HINGOLI,2011-08-09,MAHARASTRA,8
In-Active,2016-02-28,Hourly,14147E,IMDE1150,19.03,73.17,NANDED,2011-08-09,MAHARASTRA,8
In-Active,2016-04-27,Hourly,14147F,IMDE1151,21.22,75.69,CHOPDA,2011-08-09,MAHARASTRA,8
In-Active,2016-10-22,Hourly,141480,IMDE1152,18.72,76.36,AMBEJOGAI,2011-08-09,MAHARASTRA,8
In-Active,2019-01-01,Hourly,141482,IMDE1154,18.40,76.56,LATUR,2011-08-09,MAHARASTRA,8
In-Active,2016-12-16,Hourly,141483,IMDE1155,16.67,74.16,KOLHAPUR_AGRO,2011-08-09,MAHARASTRA,8
In-Active,2016-12-16,Hourly,141485,IMDE1157,19.36,75.95,AURANGABAD,2011-08-09,MAHARASTRA,8
In-Active,2016-05-08,Hourly,141488,IMDE1160,16.01,73.42,MULDE_AGRO,2011-08-09,MAHARASTRA,8
In-Active,2018-11-22,Hourly,141489,IMDE1161,21.37,75.31,JALGAON,2011-11-25,MAHARASTRA,8
In-Active,2018-05-30,Hourly,14148A,IMDE1162,19.73,72.76,PALGHAR,2011-08-09,MAHARASTRA,8
In-Active,2016-12-04,Hourly,14148B,IMDE1163,18.97,73.04,KARJAT,2011-11-25,MAHARASTRA,8
In-Active,2016-03-24,Hourly,14148E,IMDE1166,21.16,73.79,NAVAPUR,2011-08-09,MAHARASTRA,8
In-Active,2019-01-02,Hourly,14148F,IMDE1167,19.56,74.97,KOPARGAON,2011-11-25,MAHARASTRA,8
In-Active,2016-12-16,Hourly,141490,IMDE1168,20.14,74.79,MALEGAON,2011-08-09,MAHARASTRA,8
In-Active,2019-01-02,Hourly,141491,IMDE1169,17.20,75.90,SOLAPUR,2011-08-09,MAHARASTRA,8
In-Active,2016-05-09,Hourly,141492,IMDE1170,20.94,77.78,AMRAOTI,2011-08-09,MAHARASTRA,8
In-Active,2016-12-16,Hourly,141493,IMDE1171,20.53,76.19,BULDHANA,2011-08-09,MAHARASTRA,8
In-Active,2019-01-02,Hourly,141494,IMDE1172,21.16,79.65,BHANDARA,2011-08-09,MAHARASTRA,8
In-Active,2016-05-08,Hourly,141495,IMDE1173,21.49,80.15,GONDIA,2011-08-09,MAHARASTRA,8
In-Active,2013-06-05,Hourly,141496,IMDE1174,20.17,79.98,GADCHIROLI,2011-08-09,MAHARASTRA,8
In-Active,2016-03-24,Hourly,141498,IMDE1176,20.13,77.13,WASHIM,2011-08-09,MAHARASTRA,8
In-Active,2019-01-02,Hourly,141499,IMDE1177,20.39,78.11,YEOTMAL,2011-08-09,MAHARASTRA,8
In-Active,2016-12-16,Hourly,1415BD,IMDE1469,20.70,77.65,AKOLA_AGRO,2011-08-09,MAHARASTRA,8
In-Active,2015-03-05,Hourly,1415EA,IMDE1514,18.53,73.80,PASHAN_AGRO_ASTRA,2011-08-09,MAHARASTRA,8
In-Active,2016-12-16,Hourly,14148D,IMDE1165,20.90,74.80,DHULE,2011-08-09,MANIPUR,24
In-Active,2016-04-30,Hourly,14148C,IMDE1164,20.83,85.10,ANGUL,2011-08-09,ORISSA,28
In-Active,2018-09-18,Hourly,141497,IMDE1175,20.01,83.01,BOLANGIR,2011-08-09,ORISSA,28
In-Active,2015-08-16,Hourly,14149F,IMDE1183,21.33,83.62,BARGARH,2011-08-09,ORISSA,28
In-Active,2016-12-16,Hourly,1414AF,IMDE1199,21.10,86.50,BHADRAK,2011-08-09,ORISSA,28
In-Active,2018-11-03,Hourly,1414B0,IMDE1200,20.83,84.33,BOUDHGARH,2011-08-09,ORISSA,28
In-Active,2016-12-16,Hourly,1414B1,IMDE1201,20.46,85.90,CUTTACK_AWS,2011-08-09,ORISSA,28
In-Active,2014-10-16,Hourly,1414B2,IMDE1202,21.54,84.72,DEOGARH,2011-08-09,ORISSA,28
In-Active,2016-05-09,Hourly,1414B3,IMDE1203,18.01,83.78,PARALAKHEMANDI,2011-08-09,ORISSA,28
In-Active,2018-07-15,Hourly,1414B4,IMDE1204,19.30,84.80,BERHAMPUR,2011-08-09,ORISSA,28
In-Active,2014-08-20,Hourly,1414B5,IMDE1205,20.23,86.18,JAGATSINGHPUR,2011-08-09,ORISSA,28
In-Active,2016-11-28,Hourly,1414B7,IMDE1207,21.89,84.03,JHARSUGUDA,2011-08-09,ORISSA,28
In-Active,2015-10-03,Hourly,1414B8,IMDE1208,20.52,86.43,KENDRAPARA,2011-08-09,ORISSA,28
In-Active,2016-12-16,Hourly,1414B9,IMDE1209,20.25,85.82,KHURDAH-BHUBNSHWR,2011-08-09,ORISSA,28
In-Active,2016-05-08,Hourly,1414BA,IMDE1210,18.81,82.71,KORAPUT,2011-08-09,ORISSA,28
In-Active,2014-06-18,Hourly,1414BB,IMDE1211,21.93,86.68,SHAMAKHUNTA,2011-08-09,ORISSA,28
In-Active,2014-07-17,Hourly,1414BC,IMDE1212,19.25,82.54,NAVRANGPUR,2011-08-09,ORISSA,28
In-Active,2014-08-19,Hourly,1414BD,IMDE1213,20.12,85.08,NAYAGARH,2011-08-09,ORISSA,28
In-Active,2014-01-31,Hourly,1414BE,IMDE1214,19.80,85.83,PURI,2011-08-09,ORISSA,28
In-Active,2015-12-04,Hourly,1414BF,IMDE1215,19.01,83.01,GUNPUR,2011-08-09,ORISSA,28
In-Active,2016-02-17,Hourly,1414C0,IMDE1216,19.92,83.16,BHAVANIPATNA_AGRO,2011-08-09,ORISSA,28
In-Active,2016-05-09,Hourly,1414C1,IMDE1217,20.26,85.81,BHUBANESHWAR_AGRO,2012-07-05,ORISSA,28
In-Active,2015-09-03,Hourly,1414C2,IMDE1218,21.36,83.88,CHIPLIMA_AGRO,2011-08-09,ORISSA,28
In-Active,2013-11-25,Hourly,1414C3,IMDE1219,20.01,84.01,G-UDAIGIRI_AGRO,2012-01-13,ORISSA,28
In-Active,2016-05-09,Hourly,1414C4,IMDE1220,18.35,81.88,MALKANGIRI_AGRO,2011-08-09,ORISSA,28
In-Active,2013-08-21,Hourly,1414C5,IMDE1221,22.03,84.05,KEIRI_AGRO,2011-08-09,ORISSA,28
In-Active,2016-12-16,Hourly,1414C6,IMDE1222,21.61,85.56,KEONJHAR_AGRO,2011-08-09,ORISSA,28
In-Active,2016-09-14,Hourly,1414C7,IMDE1223,20.61,85.58,MAHISAPAT_AGRO,2012-01-28,ORISSA,28
In-Active,2016-12-04,Hourly,1414C8,IMDE1224,21.13,86.57,RANITAL_AGRO,2011-08-09,ORISSA,28
In-Active,2015-08-18,Hourly,1414C9,IMDE1225,18.01,82.01,SIMILIDUDA,2011-08-09,ORISSA,28
In-Active,2015-11-29,Hourly,1414FA,IMDE1274,20.84,86.32,JAJPUR,2011-08-09,ORISSA,28
In-Active,2019-01-02,Hourly,0B6EBD,IMDD3773,30.73,76.87,MET_CHANDIGARH,2011-08-09,PUNJAB,19
In-Active,2019-01-02,Hourly,0B6EC5,IMDD3781,31.32,75.32,SCI_CIT_KAPURTALA,2011-08-09,PUNJAB,19
In-Active,2016-02-05,Hourly,141401,IMDE1025,31.63,74.83,AMRITSAR,2011-08-09,PUNJAB,19
In-Active,2018-08-10,Hourly,141402,IMDE1026,30.36,75.53,BARNALA,2011-08-09,PUNJAB,19
In-Active,2019-01-01,Hourly,141403,IMDE1027,30.19,74.95,BHATINDA_AGRO,2011-08-09,PUNJAB,19
In-Active,2016-05-09,Hourly,141405,IMDE1029,30.67,74.74,FARIDKOT_AGRO,2011-08-09,PUNJAB,19
In-Active,2015-05-09,Hourly,141406,IMDE1030,30.62,76.41,FATEHGARH_SAHIB,2011-08-09,PUNJAB,19
In-Active,2018-09-24,Hourly,141407,IMDE1031,30.91,74.66,FEROZPUR,2011-08-09,PUNJAB,19
In-Active,2019-01-02,Hourly,141408,IMDE1032,32.05,75.42,GURDASPUR_AGRO,2011-08-09,PUNJAB,19
In-Active,2016-05-09,Hourly,141409,IMDE1033,31.38,76.02,HOSHIARPUR,2011-08-09,PUNJAB,19
In-Active,2016-05-02,Hourly,14140A,IMDE1034,31.05,75.34,JALANDHAR,2011-08-09,PUNJAB,19
In-Active,2016-05-06,Hourly,14140B,IMDE1035,31.39,75.36,KAPURTHALA,2011-08-09,PUNJAB,19
In-Active,2016-05-02,Hourly,14140C,IMDE1036,30.55,75.51,LUDHIANA_AGRO,2011-08-09,PUNJAB,19
In-Active,2016-04-29,Hourly,14140D,IMDE1037,30.15,75.41,MANSA_AWS,2011-08-09,PUNJAB,19
In-Active,2016-12-16,Hourly,14140E,IMDE1038,30.76,75.16,MOGA,2011-08-09,PUNJAB,19
In-Active,2016-03-24,Hourly,14140F,IMDE1039,30.79,76.81,BADI-KARORAN,2011-08-09,PUNJAB,19
In-Active,2015-08-26,Hourly,141410,IMDE1040,30.45,74.51,MUKTASAR,2012-01-11,PUNJAB,19
In-Active,2019-01-02,Hourly,141411,IMDE1041,31.13,76.12,NAWASHAHAR,2011-08-09,PUNJAB,19
In-Active,2019-01-02,Hourly,141412,IMDE1042,20.34,76.31,PATIALA,2011-08-09,PUNJAB,19
In-Active,2016-11-22,Hourly,141413,IMDE1043,30.98,76.52,ROOPNAGAR,2011-08-09,PUNJAB,19
In-Active,2019-01-02,Hourly,141414,IMDE1044,30.12,75.89,SANGRUR,2011-08-09,PUNJAB,19
In-Active,2019-05-14,Hourly,141415,IMDE1045,31.37,74.97,TARAN,2011-08-09,PUNJAB,19
In-Active,2019-01-02,Hourly,14165E,IMDE1630,31.09,76.38,BALACHAR_AGRO,2011-08-09,PUNJAB,19
In-Active,2018-12-26,Hourly,14165F,IMDE1631,30.35,76.27,RAUNI,2011-08-09,PUNJAB,19
In-Active,2014-09-18,Hourly,141660,IMDE1632,30.78,75.84,SAMARALA,2011-08-09,PUNJAB,19
In-Active,2019-01-02,Hourly,141661,IMDE1633,31.60,75.98,SALERN,2011-08-09,PUNJAB,19
In-Active,2019-01-02,Hourly,16914F,IMDB0335,26.82,75.78,MET_CENT_JAIPUR,2011-08-09,RAJASTHAN,6
In-Active,2019-01-02,Hourly,169153,IMDB0339,27.22,77.50,MET_OFF_BHARATPUR,2012-05-29,RAJASTHAN,6
In-Active,NA,Hourly,169154,IMDB0340,28.32,75.57,T_OFF_JHUNJUNU,NA,RAJASTHAN,6
In-Active,2016-04-24,Hourly,1414B6,IMDE1206,25.41,75.65,BUNDI,2011-08-09,RAJASTHAN,6
In-Active,2019-01-02,Hourly,1414F1,IMDE1265,26.42,74.62,AJMER,2011-08-09,RAJASTHAN,6
In-Active,2016-05-09,Hourly,1414F3,IMDE1267,23.51,74.38,BANSWARA_AGRO,2011-08-09,RAJASTHAN,6
In-Active,2014-09-26,Hourly,1414F4,IMDE1268,23.55,74.44,BANSWARA,2011-08-09,RAJASTHAN,6
In-Active,2018-12-31,Hourly,1414F6,IMDE1270,25.75,71.40,BARMER,2011-08-09,RAJASTHAN,6
In-Active,2019-01-02,Hourly,1414FB,IMDE1275,24.90,74.61,CHITTAURGARH,2011-08-09,RAJASTHAN,6
In-Active,2019-01-02,Hourly,1414FC,IMDE1276,28.28,75.12,CHURU,2011-08-09,RAJASTHAN,6
In-Active,2015-11-28,Hourly,1414FD,IMDE1277,26.90,76.35,DAUSA,2011-08-09,RAJASTHAN,6
In-Active,2019-01-02,Hourly,1414FF,IMDE1279,23.86,73.86,DUNGARPUR,2011-08-09,RAJASTHAN,6
In-Active,2016-12-04,Hourly,141502,IMDE1282,26.01,75.01,JAIPUR_AGRO,2011-08-09,RAJASTHAN,6
In-Active,2019-01-02,Hourly,141503,IMDE1283,25.38,72.50,JALORE,2011-08-09,RAJASTHAN,6
In-Active,2016-05-07,Hourly,141504,IMDE1284,24.58,76.13,JHALAWAR,2011-08-09,RAJASTHAN,6
In-Active,2018-12-31,Hourly,141505,IMDE1285,26.26,72.99,JODHPUR_AGRO,2011-08-09,RAJASTHAN,6
In-Active,2014-10-28,Hourly,141507,IMDE1287,25.12,75.93,KOTA,2011-08-09,RAJASTHAN,6
In-Active,2016-10-01,Hourly,14150B,IMDE1291,25.79,75.30,PALI,2011-08-09,RAJASTHAN,6
In-Active,2018-12-31,Hourly,14150C,IMDE1292,28.35,75.58,PILANI,2011-08-09,RAJASTHAN,6
In-Active,2016-03-31,Hourly,14150D,IMDE1293,24.03,74.76,PRATAPGARH,2011-08-09,RAJASTHAN,6
In-Active,2018-12-30,Hourly,14150E,IMDE1294,25.03,73.89,RAJSAMAND,2011-08-09,RAJASTHAN,6
In-Active,2019-01-02,Hourly,14150F,IMDE1295,26.07,76.37,SAWAIMADHAVPUR,2011-08-09,RAJASTHAN,6
In-Active,2015-11-28,Hourly,141512,IMDE1298,26.16,75.78,TONK,2011-08-09,RAJASTHAN,6
In-Active,2018-10-02,Hourly,141513,IMDE1299,24.57,73.70,UDAIPUR_AGRO,2011-08-09,RAJASTHAN,6
In-Active,2016-12-17,Hourly,14165D,IMDE1629,25.10,76.19,ANTA,2011-08-09,RAJASTHAN,6
In-Active,NA,Hourly,155595,IMDA1429,10.35,79.39,MET_ADIRAMPATINM,NA,TAMILNADU,16
In-Active,2016-12-16,Hourly,1414CA,IMDE1226,12.71,77.81,HOSUR_AWS,2011-08-09,TAMILNADU,16
In-Active,2018-11-08,Hourly,1414CB,IMDE1227,12.38,78.21,PAIYUR_AGRO,2011-08-09,TAMILNADU,16
In-Active,2016-12-16,Hourly,1414CC,IMDE1228,11.33,76.80,COONOOR,2011-08-09,TAMILNADU,16
In-Active,2016-12-16,Hourly,1414CD,IMDE1229,10.12,77.58,PERIAKULAM,2011-08-09,TAMILNADU,16
In-Active,2016-12-16,Hourly,1414CE,IMDE1230,11.62,79.53,NEYVELI,2011-08-09,TAMILNADU,16
In-Active,2016-04-25,Hourly,1414CF,IMDE1231,8.73,77.70,TIRUNELVELI,2011-08-09,TAMILNADU,16
In-Active,2016-05-08,Hourly,1414D0,IMDE1232,9.55,77.93,VIRUDHUNAGAR,2011-08-09,TAMILNADU,16
In-Active,2015-12-12,Hourly,1414D1,IMDE1233,11.22,78.87,PERAMBALUR,2011-08-09,TAMILNADU,16
In-Active,2016-03-08,Hourly,1414D2,IMDE1234,11.13,79.07,ARIYALUR,2011-08-09,TAMILNADU,16
In-Active,2016-12-16,Hourly,1414D3,IMDE1235,13.25,80.31,ENNORPORT,2011-08-09,TAMILNADU,16
In-Active,2016-12-16,Hourly,1414D4,IMDE1236,11.01,79.46,ADHUTURAI_AGRO,2011-08-09,TAMILNADU,16
In-Active,2016-12-16,Hourly,1414D5,IMDE1237,13.15,80.23,MADHAVARAM_AGRO,2011-08-09,TAMILNADU,16
In-Active,2018-11-09,Hourly,1414D6,IMDE1238,11.01,76.94,COIMBTORE_AGRO,2011-08-09,TAMILNADU,16
In-Active,2016-12-16,Hourly,1414D7,IMDE1239,9.20,77.88,KOVILPATTI_AGRO,2011-08-09,TAMILNADU,16
In-Active,2016-09-27,Hourly,1414D8,IMDE1240,11.15,78.15,NAMAKAN_AGRO,2011-08-09,TAMILNADU,16
In-Active,2016-09-21,Hourly,1414D9,IMDE1241,11.37,76.63,OOTY_AGRO,2011-11-25,TAMILNADU,16
In-Active,2016-12-04,Hourly,1414DA,IMDE1242,8.43,77.30,PECHIPARAI_AGRO,2011-08-09,TAMILNADU,16
In-Active,2019-01-02,Hourly,169136,IMDB0310,26.25,82.01,K_NEHRU_SULTANPUR,2011-08-09,UTTAR PRADESH,10
In-Active,2018-12-31,Hourly,16913B,IMDB0315,30.20,78.52,RANICHWRI_GARHWAL,2012-03-20,UTTAR PRADESH,10
In-Active,2019-01-02,Hourly,169151,IMDB0337,27.17,78.03,MET_GWL_RD_AGRA,2011-08-09,UTTAR PRADESH,10
In-Active,NA,Hourly,169152,IMDB0338,27.50,77.67,MET_OBS_MATHURA,NA,UTTAR PRADESH,10
In-Active,2016-05-09,Hourly,092A5E,IMDC2654,28.45,80.57,LAKHIMPURI-KHERI,2011-08-09,UTTAR PRADESH,10
In-Active,2016-04-22,Hourly,092A6B,IMDC2667,25.30,83.02,IMD_VARANASI,2011-08-09,UTTAR PRADESH,10
In-Active,2016-02-13,Hourly,1414DC,IMDE1244,25.17,79.51,MAHOBA,2012-12-24,UTTAR PRADESH,10
In-Active,2018-09-09,Hourly,1414DD,IMDE1245,24.68,78.40,LALITPUR,2011-08-09,UTTAR PRADESH,10
In-Active,2016-02-01,Hourly,1414DF,IMDE1247,26.43,82.57,AKBARPUR,2011-08-09,UTTAR PRADESH,10
In-Active,2018-09-30,Hourly,1414E0,IMDE1248,27.90,78.07,ALIGARH,2011-08-09,UTTAR PRADESH,10
In-Active,2016-01-21,Hourly,1414E1,IMDE1249,25.93,80.80,FATEHPUR,2012-12-25,UTTAR PRADESH,10
In-Active,2013-12-23,Hourly,1414E2,IMDE1250,26.77,83.43,GORAKHPUR_AWS,2012-07-04,UTTAR PRADESH,10
In-Active,2018-12-08,Hourly,1414E3,IMDE1251,27.58,77.98,HATHARAS,2011-08-09,UTTAR PRADESH,10
In-Active,2018-11-28,Hourly,1414E4,IMDE1252,27.22,79.03,MAINPURI,2011-08-09,UTTAR PRADESH,10
In-Active,2019-01-01,Hourly,141587,IMDE1415,28.10,77.07,MEERUT,2011-08-09,UTTAR PRADESH,10
In-Active,2018-12-05,Hourly,141588,IMDE1416,25.41,81.85,ALLAHABAD_AGRO,2011-08-09,UTTAR PRADESH,10
In-Active,2014-06-01,Hourly,14158A,IMDE1418,26.55,79.55,AURREIYA,2011-08-09,UTTAR PRADESH,10
In-Active,2016-02-17,Hourly,14158C,IMDE1420,28.01,79.11,BADAUN,2011-08-09,UTTAR PRADESH,10
In-Active,2018-08-22,Hourly,14158D,IMDE1421,25.92,84.13,BALLIA,2011-08-09,UTTAR PRADESH,10
In-Active,2016-02-01,Hourly,14158F,IMDE1423,26.79,82.72,BASTI,2011-08-09,UTTAR PRADESH,10
In-Active,2015-11-18,Hourly,141590,IMDE1424,25.21,82.27,BHADOHI,2011-08-09,UTTAR PRADESH,10
In-Active,2018-12-31,Hourly,141591,IMDE1425,27.60,81.58,BHARAICH_AGRO,2011-08-09,UTTAR PRADESH,10
In-Active,2015-05-29,Hourly,141592,IMDE1426,25.53,78.40,BHARARI_AGRO,2011-08-09,UTTAR PRADESH,10
In-Active,2016-05-09,Hourly,141594,IMDE1428,28.39,77.83,BULANDSAHAR,2011-08-09,UTTAR PRADESH,10
In-Active,2016-10-19,Hourly,141595,IMDE1429,26.48,83.77,DEORIA,2011-08-09,UTTAR PRADESH,10
In-Active,2018-10-05,Hourly,141596,IMDE1430,25.43,78.57,JHANSI,2011-08-09,UTTAR PRADESH,10
In-Active,2019-01-02,Hourly,141597,IMDE1431,26.54,81.83,FAIZABAD_AGRO,2011-08-09,UTTAR PRADESH,10
In-Active,2016-05-09,Hourly,141599,IMDE1433,26.13,81.94,GONDA,2011-08-09,UTTAR PRADESH,10
In-Active,2016-02-15,Hourly,14159B,IMDE1435,25.72,82.68,JAUNPUR,2011-08-09,UTTAR PRADESH,10
In-Active,2016-10-19,Hourly,14159C,IMDE1436,27.03,79.92,KANNAUJ,2011-08-09,UTTAR PRADESH,10
In-Active,2019-01-02,Hourly,14159D,IMDE1437,26.78,83.10,KHALILABAD,2012-05-27,UTTAR PRADESH,10
In-Active,2015-01-07,Hourly,14159E,IMDE1438,25.35,81.30,KOKHRAJ,2011-08-09,UTTAR PRADESH,10
In-Active,2013-09-16,Hourly,14159F,IMDE1439,26.85,83.95,KHUSHINAGAR,2012-05-26,UTTAR PRADESH,10
In-Active,2018-12-15,Hourly,1415A0,IMDE1440,27.14,83.53,MAHARAJGANJ,2011-08-09,UTTAR PRADESH,10
In-Active,2013-06-30,Hourly,1415A1,IMDE1441,25.92,83.56,MAU,2011-08-09,UTTAR PRADESH,10
In-Active,2013-09-13,Hourly,1415A2,IMDE1442,27.55,82.64,PACHPEDWA_AGRO,2012-06-29,UTTAR PRADESH,10
In-Active,2016-05-09,Hourly,1415A3,IMDE1443,28.65,79.80,PILIBHIT,2011-08-09,UTTAR PRADESH,10
In-Active,2015-12-16,Hourly,1415A5,IMDE1445,25.17,82.60,PIPRADAH_AGRO,2011-08-09,UTTAR PRADESH,10
In-Active,2013-06-28,Hourly,1415A6,IMDE1446,28.82,79.03,RAMPUR_AWS,2011-08-09,UTTAR PRADESH,10
In-Active,2016-10-22,Hourly,1415A7,IMDE1447,27.27,83.07,SIDHARTHNAGAR,2011-08-09,UTTAR PRADESH,10
In-Active,2016-10-14,Hourly,1415A8,IMDE1448,26.57,80.48,UNNAO_AGRO,2011-08-09,UTTAR PRADESH,10
In-Active,2016-12-16,Hourly,16913E,IMDB0318,30.32,78.02,KARANPUR_DEHRADUN,2011-08-09,UTTRAKHAND,38
In-Active,2016-12-16,Hourly,092A58,IMDC2648,30.87,78.01,PUROLA_UTTARKASHI,2015-03-04,UTTRAKHAND,38
In-Active,NA,Hourly,0B6EBE,IMDD3774,30.55,79.57,JOSHIMATH_CHAMOLI,NA,UTTRAKHAND,38
In-Active,NA,Hourly,0B6EBF,IMDD3775,30.32,78.97,MET_RUDRA_PRAYAG,NA,UTTRAKHAND,38
In-Active,NA,Hourly,0B6EC0,IMDD3776,30.40,79.32,MET_OBS_CHAMOLI,NA,UTTRAKHAND,38
In-Active,NA,Hourly,0B6EC2,IMDD3778,30.40,79.45,RAD_OF_UTTARKASHI,NA,UTTRAKHAND,38
In-Active,2019-01-02,Hourly,0B6EC4,IMDD3780,29.47,79.65,MUKTESHWR_NAINITL,2011-08-09,UTTRAKHAND,38
In-Active,2016-10-19,Hourly,1414E5,IMDE1253,25.17,80.91,BHARSAR,2011-08-09,UTTRAKHAND,38
In-Active,2016-12-16,Hourly,1414E6,IMDE1254,29.93,77.97,DHANAURI,2011-08-09,UTTRAKHAND,38
In-Active,2016-10-11,Hourly,1414E7,IMDE1255,28.98,79.40,RUDRAPUR,2011-08-09,UTTRAKHAND,38
In-Active,2015-05-27,Hourly,1414E8,IMDE1256,29.57,80.23,PITHAURAGARH,2011-08-09,UTTRAKHAND,38
In-Active,2016-05-08,Hourly,1414E9,IMDE1257,29.34,80.09,CHAMPAWAT,2011-08-09,UTTRAKHAND,38
In-Active,2016-12-16,Hourly,1414EA,IMDE1258,29.62,79.62,MATELA,2011-08-09,UTTRAKHAND,38
In-Active,2015-05-08,Hourly,1414EB,IMDE1259,29.95,79.90,KAPKOT,2011-11-25,UTTRAKHAND,38
In-Active,2014-08-08,Hourly,1414ED,IMDE1261,29.36,79.46,NAINITAL,2011-08-09,UTTRAKHAND,38
In-Active,2019-01-02,Hourly,1414EE,IMDE1262,30.19,78.18,JOLLYGRANT,2011-08-09,UTTRAKHAND,38
In-Active,2016-12-16,Hourly,1414EF,IMDE1263,29.02,79.48,PANTNAGAR_AGRO,2011-08-09,UTTRAKHAND,38
In-Active,2016-01-22,Hourly,1414F0,IMDE1264,29.84,77.92,ROORKEE_AGRO,2011-08-09,UTTRAKHAND,38
In-Active,2014-08-29,Hourly,14164E,IMDE1614,30.48,78.05,MASSOURIE,2011-08-09,UTTRAKHAND,38
In-Active,NA,Hourly,1555BC,IMDA1468,25.65,94.12,AG_ROAD_KOHIMA,NA,WEST BENGAL,7
In-Active,NA,Hourly,1555C9,IMDA1481,21.87,87.95,KHEJURI_JHARGRAM,NA,WEST BENGAL,7
In-Active,2018-11-26,Hourly,169145,IMDB0325,23.32,86.42,CKT_HOUSE_PURULIA,2012-05-29,WEST BENGAL,7
In-Active,NA,Hourly,092A61,IMDC2657,25.70,94.03,SOIL_SECHU_KOHIMA,NA,WEST BENGAL,7
